,location,latitude,longitude
0,orlando,28.5421097,-81.3790388
1,"Dallas, TX",32.7762719,-96.7968559
2,,34.220389,70.3800314
3,,34.220389,70.3800314
4,The world,25.2529955,55.1771471150149
5,"Tujunga, Los Angeles",34.252225,-118.2884105
6,"London, England",51.5073219,-0.1276474
7,"Las Vegas, NV",36.1662859,-115.149225
8,,34.220389,70.3800314
9,"Atwater, CA",45.4896934,-73.5863732
10,Medellín,6.2443382,-75.573553
11,"Florida, USA",27.7567667,-81.4639835
12,"Atwater, CA",45.4896934,-73.5863732
13,"Guilderland, NY",42.704522,-73.911513
14,"Atwater, CA",45.4896934,-73.5863732
15,"Atwater, CA",45.4896934,-73.5863732
16,"Distrito Federal, México",19.32055625,-99.1517010707765
17,California,36.7014631,-118.7559974
18,"Atwater, CA",45.4896934,-73.5863732
19,"Atwater, CA",45.4896934,-73.5863732
20,"Atwater, CA",45.4896934,-73.5863732
21,,34.220389,70.3800314
22,"North Bergen, NJ",40.8042674,-74.012084
23,"Atwater, CA",45.4896934,-73.5863732
24,"Atwater, CA",45.4896934,-73.5863732
25,,34.220389,70.3800314
26,,34.220389,70.3800314
27,"Phoenix, AZ",33.4485866,-112.0773456
28,"Nairobi, Kenya",-1.2832533,36.8172449
29,"England, United Kingdom",52.7954791,-0.540240286617432
30,,34.220389,70.3800314
31,"England, United Kingdom",52.7954791,-0.540240286617432
32,,34.220389,70.3800314
33,Canada,61.0666922,-107.9917071
34,"London, United Kingdom",51.5073219,-0.1276474
35,"England, United Kingdom",52.7954791,-0.540240286617432
36,"Pitimbu, Natal",-5.8633093,-35.2324324
37,"England, United Kingdom",52.7954791,-0.540240286617432
38,"Las Vegas, NV",36.1662859,-115.149225
39,,34.220389,70.3800314
40,Şanlıurfa,37.2595198,39.0408174
41,"Cleveland, OH",41.5051613,-81.6934446
42,"San Diego, CA",32.7174209,-117.1627714
43,"Ukraine, Odessa",46.4852419,30.7433894
44,"Houston, Houston",43.7632995,-91.5684764
45,,34.220389,70.3800314
46,,34.220389,70.3800314
47,"Reading, Pa",40.335345,-75.9279495
48,,34.220389,70.3800314
49,"Mont-de-Marsan, France",43.8911318,-0.500972
50,United States,39.7837304,-100.4458825
51,,34.220389,70.3800314
52,"Phoenix, AZ",33.4485866,-112.0773456
53,United States,39.7837304,-100.4458825
54,,34.220389,70.3800314
55,Spain,39.3262345,-4.8380649
56,,34.220389,70.3800314
57,United States,39.7837304,-100.4458825
58,"Guayama, Puerto Rico",17.9852036,-66.113567
59,United States,39.7837304,-100.4458825
60,,34.220389,70.3800314
61,"Greater Accra, Ghana",5.8101532,0.0995242
62,United States,39.7837304,-100.4458825
63,"Boca Raton, FL",26.3586885,-80.0830984
64,United States,39.7837304,-100.4458825
65,"Franche-Comté, France",47.14258475,6.13202223357538
66,,34.220389,70.3800314
67,,34.220389,70.3800314
68,World,25.2529955,55.1771471150149
69,,34.220389,70.3800314
70,"Montbéliard, France",47.5102368,6.7977564
71,,34.220389,70.3800314
72,Caracas,10.506098,-66.9146017
73,"Toro, España",41.5216963,-5.3939824
74,日本 福岡,33.586154,130.394466
75,,34.220389,70.3800314
76,"Barcelona, España",41.3828939,2.1774322
77,,34.220389,70.3800314
78,,34.220389,70.3800314
79,Mostoles -Madrid,40.3238525,-3.8649214
80,"Boujan-sur-Libron, France",43.3721159,3.2483732
81,Bradford/Toronto,44.1163654,-79.5727346
82,"miami , fl",25.7742658,-80.1936589
83,"Jeddah, Saudi Arabia",21.5822247,39.1640396
84,Australia,-24.7761086,134.755
85,,34.220389,70.3800314
86,Abuja nigeria,9.0643305,7.4892974
87,Abuja nigeria,9.0643305,7.4892974
88,,34.220389,70.3800314
89,Canada,61.0666922,-107.9917071
90,"Las Vegas, NV",36.1662859,-115.149225
91,"Zapotlán el Grande, Jalisco",19.6973465,-103.510648021864
92,,34.220389,70.3800314
93,Colombia,2.8894434,-73.783892
94,Madrid,40.4167047,-3.7035825
95,,34.220389,70.3800314
96,España,39.3262345,-4.8380649
97,"Las Vegas, NV",36.1662859,-115.149225
98,"Jeddah, Saudi Arabia",21.5822247,39.1640396
99,대한민국,36.5581914,127.9408564
100,,34.220389,70.3800314
101,대한민국,36.5581914,127.9408564
102,"Las Vegas, NV",36.1662859,-115.149225
103,,34.220389,70.3800314
104,,34.220389,70.3800314
105,18+ only!,37.9167017,-92.9504661
106,"Cartago, Costa Rica",9.7889818,-83.9047598511505
107,Украина,49.4871968,31.2718321
108,"Phoenix, AZ",33.4485866,-112.0773456
109,UK,54.7023545,-3.2765753
110,"Los Angeles, CA",34.0536834,-118.2427669
111,"Brooklyn, NY",40.6501038,-73.9495823
112,"Brooklyn, NY",40.6501038,-73.9495823
113,"Las Vegas, NV",36.1662859,-115.149225
114,,34.220389,70.3800314
115,United States,39.7837304,-100.4458825
116,,34.220389,70.3800314
117,"León, Guanajuato",21.0973352,-101.647642306618
118,"Cleveland, OH",41.5051613,-81.6934446
119,"Dallas, TX",32.7762719,-96.7968559
120,"Green, Ohio",40.2253569,-82.6881395
121,,34.220389,70.3800314
122,,34.220389,70.3800314
123,"miami , fl",25.7742658,-80.1936589
124,"New Jersey, USA",40.0757384,-74.4041622
125,"Melbourne, Australia",-37.8142176,144.9631608
126,Germany,51.0834196,10.4234469
127,,34.220389,70.3800314
128,,34.220389,70.3800314
129,Barcelona,41.3828939,2.1774322
130,,34.220389,70.3800314
131,"Warszawa, Polska",52.2337172,21.0714111288323
132,,34.220389,70.3800314
133,,34.220389,70.3800314
134,,34.220389,70.3800314
135,"Ashland, VA",37.7594012,-77.4806603
136,"Las Vegas, NV",36.1662859,-115.149225
137,Fair Oaks California,39.3784978,-123.3413984
138,"New York, USA",40.7308619,-73.9871558
139,United States,39.7837304,-100.4458825
140,"Cincinnati, OH",39.1014537,-84.5124602
141,"Brooklyn, N.Y.",40.64530975,-73.9550230275334
142,,34.220389,70.3800314
143,"Del Rio, TX",29.3627296,-100.896761
144,"São Vicente, Brasil",-23.9603686,-46.3847024
145,"San Francisco, CA",45.42226195,-75.6397071198492
146,,34.220389,70.3800314
147,"Minnesota, USA",45.9896587,-94.6113288
148,"Dallas, TX",32.7762719,-96.7968559
149,"San Diego, CA",32.7174209,-117.1627714
150,Toronto,43.653963,-79.387207
151,,34.220389,70.3800314
152,,34.220389,70.3800314
153,Republic of Serbia,44.1534121,20.55144
154,,34.220389,70.3800314
155,,34.220389,70.3800314
156,,34.220389,70.3800314
157,"Las Vegas, NV",36.1662859,-115.149225
158,,34.220389,70.3800314
159,,34.220389,70.3800314
160,"Sacramento, CA",38.5815719,-121.4943996
161,"San Diego, CA",32.7174209,-117.1627714
162,"San Diego, CA",32.7174209,-117.1627714
163,"San Diego, CA",32.7174209,-117.1627714
164,,34.220389,70.3800314
165,"Lexington,KY",38.0464066,-84.4970393
166,"miami , fl",25.7742658,-80.1936589
167,,34.220389,70.3800314
168,,34.220389,70.3800314
169,,34.220389,70.3800314
170,,34.220389,70.3800314
171,"Denver, CO",39.7392364,-104.9848623
172,"Bluefield, VA",37.2526133,-81.2713436
173,,34.220389,70.3800314
174,,34.220389,70.3800314
175,,34.220389,70.3800314
176,,34.220389,70.3800314
177,Northeast Ohio,40.2253569,-82.6881395
178,,34.220389,70.3800314
179,Santiago - Chile,-33.4377968,-70.6504451
180,,34.220389,70.3800314
181,,34.220389,70.3800314
182,,34.220389,70.3800314
183,"Talca, Chile",-35.4266305,-71.6661153
184,Yes,51.596528,9.9290597
185,대한민국,36.5581914,127.9408564
186,Hannover,52.3744779,9.7385532
187,Mexico,19.4326009,-99.1333416
188,,34.220389,70.3800314
189,,34.220389,70.3800314
190,,34.220389,70.3800314
191,Venezuela,8.0018709,-66.1109318
192,,34.220389,70.3800314
193,,34.220389,70.3800314
194,"Dallas, Texas",32.7762719,-96.7968559
195,"Colorado, USA",38.7251776,-105.6077167
196,,34.220389,70.3800314
197,DFW,32.89651945,-97.0465220537124
198,"Buenos Aires, Argentina",-34.6075616,-58.437076
199,"Las Vegas, NV",36.1662859,-115.149225
200,,34.220389,70.3800314
201,,34.220389,70.3800314
202,"Marseille, France",43.2961743,5.3699525
203,,34.220389,70.3800314
204,,34.220389,70.3800314
205,"Lagos, Nigeria",6.4550575,3.3941795
206,,34.220389,70.3800314
207,"Texas, USA",31.8160381,-99.5120986
208,"Nuevo León, México",26.2384363,-99.8873
209,대한민국 서울,37.5666791,126.9782914
210,,34.220389,70.3800314
211,,34.220389,70.3800314
212,,34.220389,70.3800314
213,"New Jersey, USA",40.0757384,-74.4041622
214,,34.220389,70.3800314
215,,34.220389,70.3800314
216,"Lagos, Nigeria",6.4550575,3.3941795
217,,34.220389,70.3800314
218,,34.220389,70.3800314
219,Minnesota,45.9896587,-94.6113288
220,Republica dominicana,19.0974031,-70.3028026
221,Izmir-Istanbul,38.4153421,27.144474
222,"Los Angeles, CA",34.0536834,-118.2427669
223,Los Angeles,34.0536834,-118.2427669
224,"Lagos, Nigeria",6.4550575,3.3941795
225,"Lagos, Nigeria",6.4550575,3.3941795
226,Senegal,14.4750607,-14.4529612
227,,34.220389,70.3800314
228,"Sonora, México",29.3333331,-110.6666671
229,,34.220389,70.3800314
230,,34.220389,70.3800314
231,"Lagos, Nigeria",6.4550575,3.3941795
232,,34.220389,70.3800314
233,"Miami, FL",25.7742658,-80.1936589
234,"Orange County, CA",33.7500378,-117.8704931
235,,34.220389,70.3800314
236,"Gaillard, France",46.1837963,6.2112284
237,"Sydney, New South Wales",-33.8548157,151.2164539
238,"Missouri, USA",38.7604815,-92.5617875
239,"Georgia, USA",32.3293809,-83.1137366
240,"Oakland, CA",44.4563559,-64.3575352806024
241,"Ile-de-France, France",48.6443057,2.7537863
242,"Waltham, MA",42.3756401,-71.2358004
243,"Sarasota, FL",27.3364347,-82.5306527
244,"California, USA",36.7014631,-118.7559974
245,United States,39.7837304,-100.4458825
246,"Lexington, KY",38.0464066,-84.4970393
247,United States,39.7837304,-100.4458825
248,"Denver, CO",39.7392364,-104.9848623
249,"Indianapolis, IN",39.7683331,-86.1583502
250,,34.220389,70.3800314
251,United States,39.7837304,-100.4458825
252,,34.220389,70.3800314
253,"Esenler, İstanbul",41.0620017,28.8695376860609
254,,34.220389,70.3800314
255,Extremadura,39.1748426,-6.1529891
256,,34.220389,70.3800314
257,"Cuenca, Ecuador",-2.8669955,-79.1943490497429
258,USA,39.7837304,-100.4458825
259,,34.220389,70.3800314
260,Republica dominicana,19.0974031,-70.3028026
261,,34.220389,70.3800314
262,"White Oak, PA",40.3375695,-79.8092133
263,"Queens, NY",40.6524927,-73.7914214158161
264,,34.220389,70.3800314
265,United States,39.7837304,-100.4458825
266,Biloxi Mississippi ,30.374673,-88.8459433348286
267,Time Chamber,26.375109,-81.807233
268,Serbia,44.1534121,20.55144
269,"Rouen, France",49.4404591,1.0939658
270,"Rouen, France",49.4404591,1.0939658
271,,34.220389,70.3800314
272,"San Francisco, CA",45.42226195,-75.6397071198492
273,"San Francisco, CA",45.42226195,-75.6397071198492
274,"San Francisco, CA",45.42226195,-75.6397071198492
275,"Norwalk, CA",33.9092802,-118.0849169
276,Out of this World,53.796291,-1.5410356
277,"Sieradz, Polska",51.5942475,18.7378774
278,"Columbus, OH",39.9622601,-83.0007065
279,,34.220389,70.3800314
280,New Jersey,40.0757384,-74.4041622
281,,34.220389,70.3800314
282,"Connecticut, USA",41.6500201,-72.7342163
283,,34.220389,70.3800314
284,"St Simons, GA",31.1352319,-81.3900966
285,,34.220389,70.3800314
286,,34.220389,70.3800314
287,,34.220389,70.3800314
288,"Nord, Nord-Pas-de-Calais",50.52896905,2.45451490916875
289,"Fremont, CA",49.2850624,-123.135817450772
290,(USA),39.7837304,-100.4458825
291,,34.220389,70.3800314
292,,34.220389,70.3800314
293,"Palo Alto, CA",37.4455862,-122.1619289
294,,34.220389,70.3800314
295,"St Simons, GA",31.1352319,-81.3900966
296,"Florida, USA",27.7567667,-81.4639835
297,"San Jose, Costa Rica",9.9325427,-84.0795782
298,Venezuela,8.0018709,-66.1109318
299,"Syracuse, NY",43.0481221,-76.1474244
300,,34.220389,70.3800314
301,with you,43.533142,142.46066
302,United States,39.7837304,-100.4458825
303,,34.220389,70.3800314
304,Huerta,40.9684453,-5.468435
305,United States,39.7837304,-100.4458825
306,"buenos aires, argentina",-34.6075616,-58.437076
307,"Missouri, USA",38.7604815,-92.5617875
308,Global,43.7283874,-79.34914879325
309,,34.220389,70.3800314
310,94,48.77448935,2.45433214445882
311,Houston TX,29.7589382,-95.3676974
312,Ohio,40.2253569,-82.6881395
313,"Los Angeles, California",34.0536834,-118.2427669
314,carabobo,10.166667,-68.083333
315,carabobo,10.166667,-68.083333
316,United States,39.7837304,-100.4458825
317,"São Paulo, Brazil",-23.5506507,-46.6333824
318,San Sebastián De Los Reyes,40.5473698,-3.6260586
319,United States,39.7837304,-100.4458825
320,,34.220389,70.3800314
321,"Boston, MA",42.3602534,-71.0582912
322,,34.220389,70.3800314
323,대한민국,36.5581914,127.9408564
324,,34.220389,70.3800314
325,France,46.603354,1.8883335
326,대한민국,36.5581914,127.9408564
327,Monterrey N.L,-10.7465318,-67.4811206
328,"Flagstaff, AZ",35.199458,-111.6514259
329,carabobo,10.166667,-68.083333
330,"Monterrey,N.L ",-10.7465318,-67.4811206
331,Ourense,42.1968459,-7.6114105
332,,34.220389,70.3800314
333,"Anchorage, AK",61.1758781,-149.1107333
334,,34.220389,70.3800314
335,"Santo Domingo, RD",18.4801972,-69.942111
336,,34.220389,70.3800314
337,Monterrey N.L,-10.7465318,-67.4811206
338,"murdock , mn ",40.9257921,-96.280126
339,"Hatillo, Puerto Rico",18.4071589,-66.795928721749
340,monterrey n.l,-10.7465318,-67.4811206
341,,34.220389,70.3800314
342,"Torreón, Coahuila de Zaragoza",25.542698,-103.4105122
343,,34.220389,70.3800314
344,,34.220389,70.3800314
345,,34.220389,70.3800314
346,,34.220389,70.3800314
347,Worldwide,53.45733965,-2.22695880505223
348,londo,-1.1855467,18.7702724
349,"Phoenix, AZ",33.4485866,-112.0773456
350,"Arecibo/Hatillo, PR",18.4864279,-66.7785707
351,"Monterrey, Nuevo León",25.63978365,-100.293101629066
352,,34.220389,70.3800314
353,Wisconsin,44.4308975,-89.6884637
354,"Ile-de-France, France",48.6443057,2.7537863
355, Monterrey N.L,-10.7465318,-67.4811206
356,Mexico DF,19.4326009,-99.1333416
357,,34.220389,70.3800314
358,,34.220389,70.3800314
359,"Athens, Greece",37.9841493,23.7279843
360,,34.220389,70.3800314
361,,34.220389,70.3800314
362,"Lewisberry, PA",40.1350929,-76.8596945
363,"Bahia, Brasil",-12.285251,-41.9294776
364,"Newnan, GA",33.3806716,-84.7996573
365,Saint Chez Moi,46.3269443,2.7740926
366,"California, USA",36.7014631,-118.7559974
367,"Guadalupe, Nuevo León",25.6766398,-100.200072072614
368,,34.220389,70.3800314
369,"miami , fl",25.7742658,-80.1936589
370,,34.220389,70.3800314
371,,34.220389,70.3800314
372,,34.220389,70.3800314
373,,34.220389,70.3800314
374,"Las Vegas, Nevada",36.1662859,-115.149225
375,,34.220389,70.3800314
376,,34.220389,70.3800314
377,,34.220389,70.3800314
378,"Lewisberry, PA",40.1350929,-76.8596945
379,Saint Chez Moi,46.3269443,2.7740926
380,"England, United Kingdom",52.7954791,-0.540240286617432
381,"Ciudad Guayana, Bolívar",8.3223763,-62.6896622
382,,34.220389,70.3800314
383,,34.220389,70.3800314
384,Paris 18e,48.89210335,2.34816884837151
385,"Las Vegas, NV",36.1662859,-115.149225
386,Mérida Venezuela,8.5974101,-71.1444008
387,USA,39.7837304,-100.4458825
388,,34.220389,70.3800314
389,"Toronto, Ontario",43.653963,-79.387207
390,"Brooklyn, NY",40.6501038,-73.9495823
391,,34.220389,70.3800314
392,,34.220389,70.3800314
393,,34.220389,70.3800314
394,,34.220389,70.3800314
395,,34.220389,70.3800314
396,United States,39.7837304,-100.4458825
397,,34.220389,70.3800314
398,"San Francisco, CA",45.42226195,-75.6397071198492
399,"San Francisco, CA",45.42226195,-75.6397071198492
400,"Ile-de-France, France",48.6443057,2.7537863
401,,34.220389,70.3800314
402,,34.220389,70.3800314
403,,34.220389,70.3800314
404,,34.220389,70.3800314
405,,34.220389,70.3800314
406,,34.220389,70.3800314
407,,34.220389,70.3800314
408,"Detroit, MI",42.3315509,-83.0466403
409,,34.220389,70.3800314
410,USA,39.7837304,-100.4458825
411,"San Jose, Ca",37.3361905,-121.8905833
412,United States,39.7837304,-100.4458825
413,"San Jose, Ca",37.3361905,-121.8905833
414,,34.220389,70.3800314
415,"Cincinnati, OH",39.1014537,-84.5124602
416,"North Carolina, USA",35.6729639,-79.0392919
417,,34.220389,70.3800314
418,,34.220389,70.3800314
419,Madrid,40.4167047,-3.7035825
420,Portugal,40.033265,-7.8896263
421,,34.220389,70.3800314
422,,34.220389,70.3800314
423,United States,39.7837304,-100.4458825
424,"Dallas, TX",32.7762719,-96.7968559
425,,34.220389,70.3800314
426,México,19.4326009,-99.1333416
427,,34.220389,70.3800314
428,,34.220389,70.3800314
429,Louisiana ,30.8703881,-92.007126
430,"Madrid, Comunidad de Madrid",40.4167047,-3.7035825
431,"Fresno, CA",36.7394421,-119.7848307
432,"Helsinki, Finland",60.1674086,24.9425683
433,Etats-Unis,39.7837304,-100.4458825
434,"Commerce, GA",34.002581,-118.156586
435,"São Gonçalo, Brasil",-22.8219014,-43.0309252
436,ÑÅP,40.8838572,14.2845432257409
437,Clermont-Ferrand,45.7774551,3.0819427
438,,34.220389,70.3800314
439,"Hatillo, Puerto Rico",18.4071589,-66.795928721749
440,,34.220389,70.3800314
441,,34.220389,70.3800314
442,,34.220389,70.3800314
443,United States,39.7837304,-100.4458825
444,The Hidden Leaf Village,37.253169,-80.4076522
445,,34.220389,70.3800314
446,"Milano, Lombardia",45.4667971,9.1904984
447,,34.220389,70.3800314
448,,34.220389,70.3800314
449,"Nantes, France",47.2186371,-1.5541362
450,,34.220389,70.3800314
451,,34.220389,70.3800314
452,,34.220389,70.3800314
453,"Washington, USA",38.8950092,-77.0365625
454,"Puebla, México",18.833333,-98.0
455,"Boise, ID",43.61656,-116.200835
456,,34.220389,70.3800314
457,Brasil,-10.3333333,-53.2
458,CDMX,19.32055625,-99.1517010707765
459,The world,25.2529955,55.1771471150149
460,,34.220389,70.3800314
461,,34.220389,70.3800314
462,대한민국,36.5581914,127.9408564
463,,34.220389,70.3800314
464,,34.220389,70.3800314
465,"Naples, Campania, Italy",40.8359336,14.2487826
466,"Independence, KY",38.9431183,-84.544109
467,Israel,30.8760272,35.0015196
468,"Appleton, WI",44.2611337,-88.4067604
469,"Illinois, USA",40.0796606,-89.4337288
470,,34.220389,70.3800314
471,"miami , fl",25.7742658,-80.1936589
472,"Epernay, France",49.042561,3.9528655
473,"Naples, Campania, Italy",40.8359336,14.2487826
474,,34.220389,70.3800314
475,Ciudad Autónoma de Buenos Aire,-34.6130461,-58.3824172
476,"Los Angeles, CA",34.0536834,-118.2427669
477,Conakry(kaporo-raïls),9.6011784,-13.6319190712377
478,"Miami, FL",25.7742658,-80.1936589
479,,34.220389,70.3800314
480,,34.220389,70.3800314
481,,34.220389,70.3800314
482,H-town,5.6536324,-9.7020666
483,,34.220389,70.3800314
484,"Los Angeles, CA",34.0536834,-118.2427669
485,,34.220389,70.3800314
486,,34.220389,70.3800314
487,,34.220389,70.3800314
488,,34.220389,70.3800314
489,,34.220389,70.3800314
490,"Málaga, España",36.7213028,-4.4216366
491,대한민국 서울,37.5666791,126.9782914
492,,34.220389,70.3800314
493,"Toulon, France",43.1257311,5.9304919
494,Germany,51.0834196,10.4234469
495,Berlin,52.5170365,13.3888599
496,,34.220389,70.3800314
497,Above the cash line,6.1693888,1.2031722
498,United States,39.7837304,-100.4458825
499,,34.220389,70.3800314
500,United States,39.7837304,-100.4458825
501,Los Angeles,34.0536834,-118.2427669
502,CHICAGO/TEXAS,29.559981,-104.3686379
503,France,46.603354,1.8883335
504,Berlin,52.5170365,13.3888599
505,France,46.603354,1.8883335
506,,34.220389,70.3800314
507,DM for Business ,65.63351565,27.6940077983452
508,"Warsaw,Indiana",41.2381017,-85.8530544
509,"Morgan Hill, CA",45.8641932,-65.576117
510,,34.220389,70.3800314
511,"Morgan Hill, CA",45.8641932,-65.576117
512,"Paris, France",48.8566101,2.3514992
513,"New Jersey, USA",40.0757384,-74.4041622
514,"Massachusetts, USA",42.3788774,-72.032366
515,,34.220389,70.3800314
516,Planete mars,47.5246814,-1.18374
517,Buscando...,43.32074045,-1.95424058340999
518,Berlin,52.5170365,13.3888599
519,London,51.5073219,-0.1276474
520,,34.220389,70.3800314
521,,34.220389,70.3800314
522,,34.220389,70.3800314
523,Türkiye,38.9597594,34.9249653
524,Berlin,52.5170365,13.3888599
525,One World,51.08866265,-0.70933684930261
526,"Los Angeles, CA",34.0536834,-118.2427669
527,"Georgia, USA",32.3293809,-83.1137366
528,"Caracas, Venezuela",10.506098,-66.9146017
529,,34.220389,70.3800314
530,,34.220389,70.3800314
531,,34.220389,70.3800314
532,Berlin,52.5170365,13.3888599
533,NRG Stadium,29.6848581,-95.4108014532699
534,"Tegucigalpa, Honduras.",14.0931919,-87.2012631
535,,34.220389,70.3800314
536,Worldwide,53.45733965,-2.22695880505223
537,,34.220389,70.3800314
538,"Wisconsin, USA",44.4308975,-89.6884637
539,"Paris, France",48.8566101,2.3514992
540,Uniondale,40.7003793,-73.5929056
541,,34.220389,70.3800314
542,Winners Lane,38.9555293,-84.2730009
543,"Haiti, Boston",18.5730059,-72.3308101
544,"Ceiba, Puerto Rico",18.4530587,-66.3604520720918
545,"Chicago, IL",41.8755616,-87.6244212
546,Berlin,52.5170365,13.3888599
547,Argentina,-34.9964963,-64.9672817
548,,34.220389,70.3800314
549,,34.220389,70.3800314
550,"Greensboro, NC",36.0726355,-79.7919754
551,"Wellston, OH",39.1234054,-82.5329377
552,,34.220389,70.3800314
553,,34.220389,70.3800314
554,,34.220389,70.3800314
555,"San Juan, USA",18.38423905,-66.0534399736473
556,,34.220389,70.3800314
557,"Paris, France",48.8566101,2.3514992
558,"Sterling, VA",41.788642,-89.6962194
559,,34.220389,70.3800314
560,"Las Vegas, NV",36.1662859,-115.149225
561,,34.220389,70.3800314
562,,34.220389,70.3800314
563,Berlin,52.5170365,13.3888599
564,Queens :),40.6524927,-73.7914214158161
565,,34.220389,70.3800314
566,,34.220389,70.3800314
567,"England, United Kingdom",52.7954791,-0.540240286617432
568,"Quilmes, Argentina",-34.7303025,-58.268868
569,Berlin,52.5170365,13.3888599
570,East Coast- USA ,39.94236755,-75.08758735
571,"Bonn, North Rhine-Westphalia",50.735851,7.10066
572,"Florida, USA",27.7567667,-81.4639835
573,"New Jersey, USA",40.0757384,-74.4041622
574,,34.220389,70.3800314
575,Dallas,32.7762719,-96.7968559
576,"Lawrence, Ks.",38.9719384,-95.2359496
577,,34.220389,70.3800314
578,,34.220389,70.3800314
579,,34.220389,70.3800314
580,United States,39.7837304,-100.4458825
581,The Gym,27.4379858,-82.5919733984204
582,,34.220389,70.3800314
583,,34.220389,70.3800314
584,,34.220389,70.3800314
585,• GOD BLESS AMERICA •,40.2350941,-74.7189137
586,,34.220389,70.3800314
587,,34.220389,70.3800314
588,,34.220389,70.3800314
589,,34.220389,70.3800314
590,"Cincinnati, OH",39.1014537,-84.5124602
591,"Chicago, IL",41.8755616,-87.6244212
592,"Extremadura, España",39.1748426,-6.1529891
593,"London, England",51.5073219,-0.1276474
594,,34.220389,70.3800314
595,"São Paulo, ZO",-19.8677597,-43.9236412
596,"Cleveland, OH",41.5051613,-81.6934446
597,United States,39.7837304,-100.4458825
598,"Los Angeles, CA",34.0536834,-118.2427669
599,,34.220389,70.3800314
600,,34.220389,70.3800314
601,"Miami, FL",25.7742658,-80.1936589
602,Cotton Field,51.7666243,-0.2210138
603,,34.220389,70.3800314
604,"San Diego, CA",32.7174209,-117.1627714
605,,34.220389,70.3800314
606,"Las Vegas, NV",36.1662859,-115.149225
607,NJ,40.0757384,-74.4041622
608,United States,39.7837304,-100.4458825
609,"Chicago, IL",41.8755616,-87.6244212
610,,34.220389,70.3800314
611,"Ohio, USA",40.2253569,-82.6881395
612,La Romana,40.484057,8.587417
613,,34.220389,70.3800314
614,"Detroit, MI",42.3315509,-83.0466403
615,,34.220389,70.3800314
616,"Florida, USA",27.7567667,-81.4639835
617,Berlin,52.5170365,13.3888599
618,"Toronto, Ontario",43.653963,-79.387207
619,with you,43.533142,142.46066
620,"San Antonio, TX",29.4246002,-98.4951405
621,"Granada, España",37.183054,-3.6021928
622,,34.220389,70.3800314
623,,34.220389,70.3800314
624,,34.220389,70.3800314
625,,34.220389,70.3800314
626,,34.220389,70.3800314
627,"Las Vegas, NV",36.1662859,-115.149225
628,Lehigh Valley,53.51288015,-6.46144246376902
629,"East Bridgewater, MA",42.0334341,-70.9592096
630,Berlin,52.5170365,13.3888599
631,,34.220389,70.3800314
632,"Las Vegas, NV",36.1662859,-115.149225
633,"Paris, France",48.8566101,2.3514992
634,,34.220389,70.3800314
635,,34.220389,70.3800314
636,Belgrade,44.8178131,20.4568974
637,,34.220389,70.3800314
638,,34.220389,70.3800314
639,caracas,10.506098,-66.9146017
640,Türkiye İstanbul,41.0096334,28.9651646
641,대한민국,36.5581914,127.9408564
642,,34.220389,70.3800314
643,대한민국,36.5581914,127.9408564
644,대한민국,36.5581914,127.9408564
645,,34.220389,70.3800314
646,,34.220389,70.3800314
647,"Jardim Fontalis, São Paulo",-23.4358302,-46.5770716
648,Toronto,43.653963,-79.387207
649,Accra,5.5600141,-0.2057437
650,,34.220389,70.3800314
651,,34.220389,70.3800314
652,,34.220389,70.3800314
653,"Santo Domingo, DN",18.4961057,-69.8847371
654,,34.220389,70.3800314
655,,34.220389,70.3800314
656,"Rio de Janeiro, Brasil",-22.9110137,-43.2093727
657,New York,40.7308619,-73.9871558
658,Nulle part,44.8468929,-0.5753539
659,France,46.603354,1.8883335
660,,34.220389,70.3800314
661,,34.220389,70.3800314
662,,34.220389,70.3800314
663,,34.220389,70.3800314
664,Cleveland Area,41.50424085,-81.6202382372768
665,,34.220389,70.3800314
666,Puerto Rico,18.22141715,-66.4132818505648
667,,34.220389,70.3800314
668,,34.220389,70.3800314
669,"Colorado, USA",38.7251776,-105.6077167
670,"Sydney, Australia",-33.8548157,151.2164539
671,,34.220389,70.3800314
672,,34.220389,70.3800314
673,"London, England",51.5073219,-0.1276474
674,"Las Vegas, NV",36.1662859,-115.149225
675,United States,39.7837304,-100.4458825
676,,34.220389,70.3800314
677,"İstanbul, Türkiye",41.0096334,28.9651646
678,"Rio Grande do Sul, Brasil",-29.8425284,-53.7680577
679,"Indiana, USA",40.3270127,-86.1746933
680,"Galicia, España",42.61946,-7.863112
681,,34.220389,70.3800314
682,Midgard,55.4340576,-2.7141603
683,,34.220389,70.3800314
684,"Villasis,Pangasinan",15.9015861,120.5883085
685,"Boise, ID",43.61656,-116.200835
686,"East Bridgewater, MA",42.0334341,-70.9592096
687,"San Francisco, CA",45.42226195,-75.6397071198492
688,"San Francisco, CA",45.42226195,-75.6397071198492
689,,34.220389,70.3800314
690,X,-32.0967361,-63.7940923
691,"Atlanta, GA",33.7490987,-84.3901849
692,"Sinaloa, México",25.0000001,-107.5000001
693,"Las Vegas, NV",36.1662859,-115.149225
694,"Nairobi, Kenya",-1.2832533,36.8172449
695,,34.220389,70.3800314
696,,34.220389,70.3800314
697,"Los Angeles, CA",34.0536834,-118.2427669
698,,34.220389,70.3800314
699,"San Antonio, TX",29.4246002,-98.4951405
700,,34.220389,70.3800314
701,"Toulouse, France",43.6044622,1.4442469
702,United States,39.7837304,-100.4458825
703,,34.220389,70.3800314
704,,34.220389,70.3800314
705,"California, USA",36.7014631,-118.7559974
706,Berlin,52.5170365,13.3888599
707,Fort Lauderdale,26.1223084,-80.1433786
708,"Texas, USA",31.8160381,-99.5120986
709,"San Diego, CA",32.7174209,-117.1627714
710,"San Diego, CA",32.7174209,-117.1627714
711,France,46.603354,1.8883335
712,"Los Angeles, CA",34.0536834,-118.2427669
713,United States,39.7837304,-100.4458825
714,Sonora,29.3333331,-110.6666671
715,"Las Vegas, NV",36.1662859,-115.149225
716,Columbus OH,39.9622601,-83.0007065
717,,34.220389,70.3800314
718,"Paris, France",48.8566101,2.3514992
719,,34.220389,70.3800314
720,대한민국,36.5581914,127.9408564
721,"Victor, NY",42.9825634,-77.4088794
722,"Vernon, British Columbia",50.268277,-119.267578
723,,34.220389,70.3800314
724,,34.220389,70.3800314
725,BKG➰,50.09029765,8.66542516772877
726,대한민국,36.5581914,127.9408564
727,,34.220389,70.3800314
728,"East Bridgewater, MA",42.0334341,-70.9592096
729,,34.220389,70.3800314
730,londo,-1.1855467,18.7702724
731,,34.220389,70.3800314
732,,34.220389,70.3800314
733,France,46.603354,1.8883335
734,Republic of Slovenia,46.05168305,14.5013215965828
735,,34.220389,70.3800314
736,"Staten Island, NY",40.5834557,-74.1496048
737,"Raleigh, NC",35.7803977,-78.6390989
738,"Madrid,España",40.4167047,-3.7035825
739,"portland, or?",45.5202471,-122.6741949
740,Berlin,52.5170365,13.3888599
741,"Minas Gerais, Brasil",-18.5264844,-44.1588654
742,X,-32.0967361,-63.7940923
743,New York,40.7308619,-73.9871558
744,Guyane Française,4.0039882,-52.999998
745,,34.220389,70.3800314
746,Guyane Française,4.0039882,-52.999998
747,United States,39.7837304,-100.4458825
748,,34.220389,70.3800314
749,"Wilsonville, OR",45.3099218,-122.7681602
750,The Grind,57.4703196,12.7582251
751,"Atlanta, GA",33.7490987,-84.3901849
752,USA,39.7837304,-100.4458825
753,,34.220389,70.3800314
754,France,46.603354,1.8883335
755,,34.220389,70.3800314
756,,34.220389,70.3800314
757,,34.220389,70.3800314
758,,34.220389,70.3800314
759,,34.220389,70.3800314
760,"Fargo, ND",46.877229,-96.789821
761,United States,39.7837304,-100.4458825
762,londo,-1.1855467,18.7702724
763,대한민국 서울,37.5666791,126.9782914
764,"Miami, FL",25.7742658,-80.1936589
765,Marbella,36.508976,-4.88562
766,"New York, USA",40.7308619,-73.9871558
767,"San Diego, CA",32.7174209,-117.1627714
768,United States,39.7837304,-100.4458825
769,"Winnipeg, Manitoba",49.884017,-97.168579
770,,34.220389,70.3800314
771,"New York, USA",40.7308619,-73.9871558
772,,34.220389,70.3800314
773,"Washington, DC",38.8950092,-77.0365625
774,Vera,37.2475942,-1.8681961
775,,34.220389,70.3800314
776,,34.220389,70.3800314
777,"New Jersey, USA",40.0757384,-74.4041622
778,,34.220389,70.3800314
779,,34.220389,70.3800314
780,"Mar del Plata, Argentina",-37.9977225,-57.5482703
781,"Nozay, France",47.5647285,-1.625472
782,,34.220389,70.3800314
783,"East Bridgewater, MA",42.0334341,-70.9592096
784,"DeLand, FL",29.0283213,-81.3031098
785,,34.220389,70.3800314
786,,34.220389,70.3800314
787,"San Diego, CA",32.7174209,-117.1627714
788,Kenya,1.4419683,38.4313975
789,londo,-1.1855467,18.7702724
790,LAS VEGAS - DALLAS,36.052642,-115.187421
791,Badalona,41.4493539,2.248254
792,Berlin,52.5170365,13.3888599
793,Tenerife,28.2935785,-16.6214471211441
794,Football field or the track,40.80927135,-81.6051433090925
795,"Cranford, NJ; NYC,NY",40.57131535,-74.1298701211229
796,Chicagoland,41.47441105,-88.058762551774
797,,34.220389,70.3800314
798,New Zealand,-41.5000831,172.8344077
799,"National District, Dominican Republic",31.7550997,35.1677218
800,"Rio Tercero,Córdoba",-32.2354524,-63.6626189
801,Berlin,52.5170365,13.3888599
802,,34.220389,70.3800314
803,CANADA,61.0666922,-107.9917071
804,,34.220389,70.3800314
805,Kayaşehir - İstanbul,41.10745345,28.7571135666347
806,,34.220389,70.3800314
807,"Las Vegas, Nevada",36.1662859,-115.149225
808,Berlin,52.5170365,13.3888599
809,,34.220389,70.3800314
810,,34.220389,70.3800314
811,"Uncasville, CT",41.4345426,-72.1097996
812,DC,38.89366125,-76.987883253882
813,"Detroit, MI",42.3315509,-83.0466403
814,"Espinho, Portugal",40.9952939,-8.62446321630184
815,"Arizona, USA",34.395342,-111.7632755
816,"Colorado, USA",38.7251776,-105.6077167
817,,34.220389,70.3800314
818,Berlin,52.5170365,13.3888599
819,londo,-1.1855467,18.7702724
820,,34.220389,70.3800314
821,"San Francisco, CA",45.42226195,-75.6397071198492
822,,34.220389,70.3800314
823,"Los Angeles, CA",34.0536834,-118.2427669
824,,34.220389,70.3800314
825,gods house,48.6860023,15.746847216289
826,,34.220389,70.3800314
827,"New York, USA",40.7308619,-73.9871558
828,,34.220389,70.3800314
829,Las Vegas,36.1662859,-115.149225
830,,34.220389,70.3800314
831,"Springfield, MA",42.1014831,-72.589811
832,Berlin,52.5170365,13.3888599
833,,34.220389,70.3800314
834,,34.220389,70.3800314
835,Canada,61.0666922,-107.9917071
836,Canada,61.0666922,-107.9917071
837,,34.220389,70.3800314
838,londo,-1.1855467,18.7702724
839,Worldwide,53.45733965,-2.22695880505223
840,,34.220389,70.3800314
841,"Newark, NJ USA",40.735657,-74.1723667
842,,34.220389,70.3800314
843,"St Petersburg, FL",27.7703796,-82.6695085
844,Argentina,-34.9964963,-64.9672817
845,"Montevideo, Uruguay",-34.9059039,-56.1913569
846,New York,40.7308619,-73.9871558
847,"Colorado, USA",38.7251776,-105.6077167
848,"Vancouver, British Columbia",49.2608724,-123.1139529
849,,34.220389,70.3800314
850,,34.220389,70.3800314
851,Berlin,52.5170365,13.3888599
852,,34.220389,70.3800314
853,San Sebastián De Los Reyes,40.5473698,-3.6260586
854,United States,39.7837304,-100.4458825
855,Venezuela-USA,18.39401295,-66.0532998317247
856,"East Coast, West Coast",1.31584065,103.945004307304
857,"Springfield, MA",42.1014831,-72.589811
858,,34.220389,70.3800314
859,"California, USA",36.7014631,-118.7559974
860,Louisiana/Texas,30.1718639,-91.1381596
861,,34.220389,70.3800314
862,대한민국,36.5581914,127.9408564
863,"Clearwater, FL",27.9658533,-82.8001026
864,New York,40.7308619,-73.9871558
865,대한민국,36.5581914,127.9408564
866,"Los Angeles, California",34.0536834,-118.2427669
867,United States,39.7837304,-100.4458825
868,"Las Vegas, NV",36.1662859,-115.149225
869,대한민국,36.5581914,127.9408564
870,londo,-1.1855467,18.7702724
871,"Winning, US",48.0476205,11.6255246
872,,34.220389,70.3800314
873,,34.220389,70.3800314
874,USA,39.7837304,-100.4458825
875,,34.220389,70.3800314
876,Queensland,-21.9182856,144.4588889
877,Slovenia,45.8133113,14.4808369
878,nba ,51.6487843,-0.1729127
879,Berlin,52.5170365,13.3888599
880,"Cape Town, South Africa",-33.928992,18.417396
881,,34.220389,70.3800314
882,United States,39.7837304,-100.4458825
883,Detroit,42.3315509,-83.0466403
884,"New York, NY. For now. ",40.7287103,-73.9801754
885,,34.220389,70.3800314
886,España,39.3262345,-4.8380649
887,,34.220389,70.3800314
888,Berlin,52.5170365,13.3888599
889,,34.220389,70.3800314
890,,34.220389,70.3800314
891,NJ,40.0757384,-74.4041622
892,"Springfield, MA",42.1014831,-72.589811
893,,34.220389,70.3800314
894,"New York, USA",40.7308619,-73.9871558
895,,34.220389,70.3800314
896,,34.220389,70.3800314
897,"Towson, MD",39.4018552,-76.602388
898,"San Diego, CA",32.7174209,-117.1627714
899,Melbourne,-37.8142176,144.9631608
900,,34.220389,70.3800314
901,910,-4.2785964,-38.9233348
902,,34.220389,70.3800314
903,Berlin,52.5170365,13.3888599
904,"Illinois, USA",40.0796606,-89.4337288
905,"Newport News, VA",37.0730099,-76.4783237633768
906,"Pittsburgh, PA",40.4416941,-79.9900861
907,,34.220389,70.3800314
908,France,46.603354,1.8883335
909,"New York, USA",40.7308619,-73.9871558
910,Around The World,50.1312446,-123.1193013
911,México,19.4326009,-99.1333416
912,"Montana, USA",47.3752671,-109.6387579
913,,34.220389,70.3800314
914,,34.220389,70.3800314
915,Berlin,52.5170365,13.3888599
916,,34.220389,70.3800314
917,포항,36.0189315,129.3429384
918,"Warner,NH",43.280705,-71.81694
919,,34.220389,70.3800314
920,THE NEIGHBORHOOD,35.34613825,-80.7261425828821
921,Berlin,52.5170365,13.3888599
922,"Los Angeles, CA",34.0536834,-118.2427669
923,"Quezon City, Philippines",14.6509905,121.0486155
924,España,39.3262345,-4.8380649
925,Argentina,-34.9964963,-64.9672817
926,"East Bridgewater, MA",42.0334341,-70.9592096
927,,34.220389,70.3800314
928,Los Angeles,34.0536834,-118.2427669
929,Texas,31.8160381,-99.5120986
930,,34.220389,70.3800314
931,Australia,-24.7761086,134.755
932,,34.220389,70.3800314
933,,34.220389,70.3800314
934,"Chicago, IL",41.8755616,-87.6244212
935,,34.220389,70.3800314
936,"Paris, France",48.8566101,2.3514992
937,DFW,32.89651945,-97.0465220537124
938,"New London, Conn.",41.3556187,-72.0997804
939,"Madrid, Comunidad de Madrid",40.4167047,-3.7035825
940,"Florida, USA",27.7567667,-81.4639835
941,"Paris, France",48.8566101,2.3514992
942,"Springfield, MA",42.1014831,-72.589811
943,,34.220389,70.3800314
944,,34.220389,70.3800314
945,"Florida, USA",27.7567667,-81.4639835
946,"Dallas, TX",32.7762719,-96.7968559
947,"Santa Barbara, CA",45.5361933,-73.6077401
948,"Omaha, Nebraska",41.2587317,-95.9378732
949,NL 013,52.1079044,5.1596982
950,,34.220389,70.3800314
951,,34.220389,70.3800314
952,"Bristol, Rhode Island",41.6770463,-71.2661597
953,cleve,-33.65761545,136.288970938348
954,"Distrito Federal, México",19.32055625,-99.1517010707765
955,,34.220389,70.3800314
956,,34.220389,70.3800314
957,Côte d'Ivoire,7.9897371,-5.5679458
958,Las Vegas,36.1662859,-115.149225
959,,34.220389,70.3800314
960,,34.220389,70.3800314
961,"Boston, MA",42.3602534,-71.0582912
962,,34.220389,70.3800314
963,"Sunnyvale, CA",37.3688301,-122.0363496
964,"Springfield, MA",42.1014831,-72.589811
965,"Franche-Comté, France",47.14258475,6.13202223357538
966,Lyon,45.7578137,4.8320114
967,,34.220389,70.3800314
968,,34.220389,70.3800314
969,"Franche-Comté, France",47.14258475,6.13202223357538
970,United States,39.7837304,-100.4458825
971,"Mexico, ME",19.4326009,-99.1333416
972,Montevideo - Uruguay,-34.9059039,-56.1913569
973,United States,39.7837304,-100.4458825
974,,34.220389,70.3800314
975,Chi-Town,38.8842726,-94.7260467
976,global,43.7283874,-79.34914879325
977,NY/NJ,40.7590343,-73.9998669
978,"East Bridgewater, MA",42.0334341,-70.9592096
979,,34.220389,70.3800314
980,,34.220389,70.3800314
981,Montevideo - Uruguay,-34.9059039,-56.1913569
982,"Vancouver, WA",45.6306954,-122.6744557
983,,34.220389,70.3800314
984,,34.220389,70.3800314
985,KSA - USA,40.0037008,-83.0173092
986,UH,29.7207902,-95.3440627149137
987,,34.220389,70.3800314
988,Berlin,52.5170365,13.3888599
989,"Wisconsin, USA",44.4308975,-89.6884637
990,,34.220389,70.3800314
991,"Springfield, MA",42.1014831,-72.589811
992,,34.220389,70.3800314
993,대한민국,36.5581914,127.9408564
994,"Dallas, TX",32.7762719,-96.7968559
995,Dominican Republic,19.0974031,-70.3028026
996,"Los Angeles, CA",34.0536834,-118.2427669
997,,34.220389,70.3800314
998,Berlin,52.5170365,13.3888599
999,"Toronto, Ontario",43.653963,-79.387207
1000,South Florida,37.1677128,-94.8464256
1001,,34.220389,70.3800314
1002,,34.220389,70.3800314
1003,"Toronto, Canada ",43.653963,-79.387207
1004,,34.220389,70.3800314
1005,"Brisbane, via New Zealand",-43.5443542,172.6451792
1006,"Sevilla, España",37.3886303,-5.9953171
1007,"East Bridgewater, MA",42.0334341,-70.9592096
1008,puerto cabello (Carabobo) VENEZUELA,10.4680625,-68.0098561
1009,,34.220389,70.3800314
1010,"New York, NY",40.7308619,-73.9871558
1011,puerto cabello (Carabobo) VENEZUELA,10.4680625,-68.0098561
1012,"Las Vegas, NV, USA",36.1662859,-115.149225
1013,,34.220389,70.3800314
1014,,34.220389,70.3800314
1015,"Boca Raton, FL",26.3586885,-80.0830984
1016,"Atlanta, GA",33.7490987,-84.3901849
1017,puerto cabello (Carabobo) VENEZUELA,10.4680625,-68.0098561
1018,"Brooklyn, N.Y.",40.64530975,-73.9550230275334
1019,,34.220389,70.3800314
1020,대한민국 서울,37.5666791,126.9782914
1021,puerto cabello (Carabobo) VENEZUELA,10.4680625,-68.0098561
1022,"Paso Robles, CA",35.6267654,-120.6912456
1023,,34.220389,70.3800314
1024,Lost ,57.2053788,-3.0793008
1025,,34.220389,70.3800314
1026,United States,39.7837304,-100.4458825
1027,,34.220389,70.3800314
1028,"Ciudad Guayana, Bolívar",8.3223763,-62.6896622
1029,,34.220389,70.3800314
1030,,34.220389,70.3800314
1031,New Orleans,29.9499323,-90.0701156
1032,,34.220389,70.3800314
1033,United States,39.7837304,-100.4458825
1034,"Stoke-on-Trent, England",53.0162014,-2.1812607
1035,"Morgan Hill, CA",45.8641932,-65.576117
1036,"Morgan Hill, CA",45.8641932,-65.576117
1037,Lost ,57.2053788,-3.0793008
1038,Caracas - Venezuela,10.506098,-66.9146017
1039,Indiana,40.3270127,-86.1746933
1040,"Oakland Park, FL",26.1801443,-80.1372005954837
1041,,34.220389,70.3800314
1042,,34.220389,70.3800314
1043,,34.220389,70.3800314
1044,Queens :),40.6524927,-73.7914214158161
1045,"Connecticut, USA",41.6500201,-72.7342163
1046,"East Bridgewater, MA",42.0334341,-70.9592096
1047,puerto cabello (Carabobo) VENEZUELA,10.4680625,-68.0098561
1048,,34.220389,70.3800314
1049,puerto cabello (Carabobo) VENEZUELA,10.4680625,-68.0098561
1050,puerto cabello (Carabobo) VENEZUELA,10.4680625,-68.0098561
1051,"Springfield, MA",42.1014831,-72.589811
1052,lo,44.6249918,1.66577421697537
1053,,34.220389,70.3800314
1054,"Caracas, Venezuela",10.506098,-66.9146017
1055,Caracas - Venezuela,10.506098,-66.9146017
1056,,34.220389,70.3800314
1057,"York, PA",39.962398,-76.727392
1058,,34.220389,70.3800314
1059,,34.220389,70.3800314
1060,,34.220389,70.3800314
1061,,34.220389,70.3800314
1062,trenches,38.0750054,126.455969862937
1063,"New York, NY",40.7308619,-73.9871558
1064,,34.220389,70.3800314
1065,,34.220389,70.3800314
1066,Las Vegas,36.1662859,-115.149225
1067,,34.220389,70.3800314
1068,,34.220389,70.3800314
1069,"Illinois, USA",40.0796606,-89.4337288
1070,"Pennsylvania, USA",40.9699889,-77.7278831
1071,Las Vegas,36.1662859,-115.149225
1072,"Las Vegas, NV",36.1662859,-115.149225
1073,"Brea, Ca",33.9170444,-117.8888557
1074,,34.220389,70.3800314
1075,"Cambridge, MA",42.3750997,-71.1056157
1076,,34.220389,70.3800314
1077,Australia,-24.7761086,134.755
1078,United Kingdom,54.7023545,-3.2765753
1079,"Valencia, España",39.4699014,-0.3759513
1080,"England, United Kingdom",52.7954791,-0.540240286617432
1081,,34.220389,70.3800314
1082,,34.220389,70.3800314
1083,,34.220389,70.3800314
1084,"Nairobi,Kenya",-1.2832533,36.8172449
1085,"Texas/Oklahoma, USA",36.7390314,-101.4953594
1086,Book Land ,35.7373967,139.6901911
1087,,34.220389,70.3800314
1088,,34.220389,70.3800314
1089,carabobo,10.166667,-68.083333
1090,,34.220389,70.3800314
1091,"Wisconsin, USA",44.4308975,-89.6884637
1092,"New York, USA",40.7308619,-73.9871558
1093,,34.220389,70.3800314
1094,,34.220389,70.3800314
1095,,34.220389,70.3800314
1096,THE LAND OF OZ,54.08818725,13.4307972453326
1097,"East Bridgewater, MA",42.0334341,-70.9592096
1098,"St Louis, MO",38.6272733,-90.1978889
1099,,34.220389,70.3800314
1100,,34.220389,70.3800314
1101,"Toledo, ciudad imperial",-19.5893051,-65.7534808
1102,From the Yo!,41.4661078,-82.0041364496666
1103,,34.220389,70.3800314
1104,,34.220389,70.3800314
1105,España,39.3262345,-4.8380649
1106,,34.220389,70.3800314
1107,United States,39.7837304,-100.4458825
1108,,34.220389,70.3800314
1109,,34.220389,70.3800314
1110,,34.220389,70.3800314
1111,,34.220389,70.3800314
1112,,34.220389,70.3800314
1113,NY,43.1561681,-75.8449946
1114,,34.220389,70.3800314
1115,"Bronx, NY",40.85048545,-73.8404035580209
1116,"BOGOTÁ, Colombia",4.5980772,-74.0761028
1117,,34.220389,70.3800314
1118,"Baltimore, MD",39.2908816,-76.610759
1119,,34.220389,70.3800314
1120,"Burnaby, British Columbia",49.2433804,-122.9725459
1121,,34.220389,70.3800314
1122,"Boston, MA",42.3602534,-71.0582912
1123,"New Jersey, USA",40.0757384,-74.4041622
1124,Vera,37.2475942,-1.8681961
1125,,34.220389,70.3800314
1126,,34.220389,70.3800314
1127,"Columbus, OH",39.9622601,-83.0007065
1128,"Chicago, IL",41.8755616,-87.6244212
1129,¯\_(ツ)_/¯,48.6762624,5.8941759
1130,United States,39.7837304,-100.4458825
1131,"Newark, NJ",40.735657,-74.1723667
1132,,34.220389,70.3800314
1133,,34.220389,70.3800314
1134,México,19.4326009,-99.1333416
1135,"Kentucky, USA",37.5726028,-85.1551411
1136,,34.220389,70.3800314
1137,"Fridley, MN",45.0838291,-93.2590388
1138,"Jonesboro, GA",35.8428646,-90.7034522
1139,"Stamford, CT",41.0534302,-73.5387341
1140,España,39.3262345,-4.8380649
1141,Ljubljana,46.0498146,14.5067824
1142,"New York, USA",40.7308619,-73.9871558
1143,Lazytown,54.10314155,15.1162792052849
1144,"Fredericton, New Brunswick",45.966425,-66.645813
1145,"Melbourne, Victoria",-37.8142176,144.9631608
1146,,34.220389,70.3800314
1147,"Washington, DC",38.8950092,-77.0365625
1148,Madrid,40.4167047,-3.7035825
1149,Clermont-Ferrand,45.7774551,3.0819427
1150,Ciudad de México,19.4326009,-99.1333416
1151,대한민국,36.5581914,127.9408564
1152,,34.220389,70.3800314
1153,,34.220389,70.3800314
1154,,34.220389,70.3800314
1155,대한민국,36.5581914,127.9408564
1156,대한민국,36.5581914,127.9408564
1157,"Charlotte, NC",35.2270869,-80.8431268
1158,United States,39.7837304,-100.4458825
1159,"Valledupar, Colombia",10.34311145,-73.3757933882845
1160,United States,39.7837304,-100.4458825
1161,"Valledupar, Colombia",10.34311145,-73.3757933882845
1162,"Indianapolis, IN",39.7683331,-86.1583502
1163,"Redondo Beach, CA",33.8455911,-118.3886766
1164,"Chicago, IL",41.8755616,-87.6244212
1165,,34.220389,70.3800314
1166,,34.220389,70.3800314
1167,"West Plains, MO 65775",36.7281652,-91.8525756
1168,,34.220389,70.3800314
1169,,34.220389,70.3800314
1170,,34.220389,70.3800314
1171,United States,39.7837304,-100.4458825
1172,,34.220389,70.3800314
1173,,34.220389,70.3800314
1174,,34.220389,70.3800314
1175,,34.220389,70.3800314
1176,,34.220389,70.3800314
1177,,34.220389,70.3800314
1178,,34.220389,70.3800314
1179,,34.220389,70.3800314
1180,Oklahoma City,35.4729886,-97.5170536
1181,"parma,ohio",41.3822398,-81.7355692
1182,Usa ,39.7837304,-100.4458825
1183,Paraguay,-23.3165935,-58.1693445
1184,,34.220389,70.3800314
1185,"Buffalo, NY",42.8867166,-78.8783922
1186,,34.220389,70.3800314
1187,,34.220389,70.3800314
1188,,34.220389,70.3800314
1189,"Las Vegas, Nevada",36.1662859,-115.149225
1190,España,39.3262345,-4.8380649
1191,"San Francisco, CA",45.42226195,-75.6397071198492
1192,"San Francisco, CA",45.42226195,-75.6397071198492
1193,"San Francisco, CA",45.42226195,-75.6397071198492
1194,,34.220389,70.3800314
1195,,34.220389,70.3800314
1196,"Tulsa, OK",36.1556805,-95.9929113
1197,United States,39.7837304,-100.4458825
1198,"Ogden, UT",41.2230048,-111.9738429
1199,,34.220389,70.3800314
1200,"Managua,Nicaragua",12.1461244,-86.273717
1201,"Los Angeles, CA",34.0536834,-118.2427669
1202,,34.220389,70.3800314
1203,,34.220389,70.3800314
1204,,34.220389,70.3800314
